Date,File Path
2024-11-09,2023-10-27_12-30-28_UTC.mp4
2024-11-10,2023-10-28_12-30-32_UTC.mp4
2024-11-11,2023-10-29_05-03-37_UTC.mp4
2024-11-12,2023-10-31_10-15-15_UTC.mp4
2024-11-13,2023-10-31_12-19-57_UTC.mp4
2024-11-14,2023-11-01_08-02-37_UTC.mp4
2024-11-15,2023-11-03_15-03-12_UTC.mp4
2024-11-16,2023-11-05_07-45-05_UTC.mp4
2024-11-17,2023-11-06_10-12-15_UTC.mp4
2024-11-18,2023-11-08_08-09-01_UTC.mp4
2024-11-19,2023-11-08_12-03-31_UTC.mp4
2024-11-20,2023-11-09_08-50-32_UTC.mp4
2024-11-21,2023-11-11_16-46-55_UTC.mp4
2024-11-22,2023-11-12_14-01-48_UTC.mp4
2024-11-23,2023-11-13_08-43-30_UTC.mp4
2024-11-24,2023-11-15_09-41-56_UTC.mp4
2024-11-25,2023-11-20_12-43-54_UTC.mp4
2024-11-26,2024-02-23_09-28-21_UTC.mp4
2024-11-27,2024-03-06_14-37-46_UTC.mp4
2024-11-28,2024-03-16_09-36-22_UTC.mp4
2024-11-29,2024-10-06_09-18-29_UTC.mp4
2024-11-30,2024-10-11_10-06-48_UTC.mp4
2024-12-01,2024-10-11_10-21-24_UTC.mp4
2024-12-02,2024-10-11_15-00-00_UTC.mp4
2024-12-03,2024-10-12_03-00-00_UTC.mp4
2024-12-04,2024-10-12_10-00-00_UTC.mp4
2024-12-05,2024-10-12_16-00-00_UTC.mp4
2024-12-06,2024-10-20_07-35-39_UTC.mp4
